ad_exchange,ctr,count
1,0.0012728,670962
3,0.000574172,1236564
2,0.000544521,940276
