ad_slot_width,ad_slot_height,ctr,width_count,height_count
300,250,0.00109644,928463,928463
120,600,0.00104336,15335,15335
1000,90,0.000680589,789023,789023
160,600,0.000634253,110366,110366
336,280,0.0006097,150894,150894
468,60,0.000578399,96819,96819
910,90,0.000458663,8721,8721
728,90,0.000424302,464292,464292
960,90,0.000354151,81886,81886
250,250,0.000326121,116521,116521
200,200,0.000222269,85482,85482
