ad_slot_visibility,ctr,count
1,0.00163884,399063
255,0.00125736,17497
0,0.000645349,1667314
2,0.000424124,763928
