ad_slot_format,ctr,count
5,0.00997113,29786
1,0.000868716,641176
0,0.000561364,2176840
