ad_slot_height,ctr,count
250,0.00101054,1044984
600,0.000684163,125701
280,0.0006097,150894
60,0.000578399,96819
90,0.000570718,1343922
200,0.000222269,85482
