ad_slot_width,ctr,count
300,0.00109644,928463
120,0.00104336,15335
1000,0.000680589,789023
160,0.000634253,110366
336,0.0006097,150894
468,0.000578399,96819
910,0.000458663,8721
728,0.000424302,464292
960,0.000354151,81886
250,0.000326121,116521
200,0.000222269,85482
