key_page_url,ctr,count
361e128affece850342293213691a043,0.000847795,1611238
43f4a37f42a7c5e6219e2601b26c6976,0.000574172,1236564
