weekday,ctr,count
5,0.000903535,392901
4,0.000834395,412275
3,0.000772489,385766
2,0.000682842,395406
1,0.000679143,381363
0,0.000643867,444191
6,0.000605643,435900
